first_name,last_name,email,department_id
Andre,Stewart,andrew39@example.net,4
Julia,Clark,jim18@example.net,4
Jenny,Torres,joshuaspencer@example.com,2
Michael,Pruitt,flambert@example.net,4
Troy,Harris,pstein@example.com,4
Rachel,Robbins,cchambers@example.com,1
Sean,Brock,rodriguezjennifer@example.org,1
Kristy,Mcdonald,fishermichael@example.net,1
Anthony,Patterson,elizabethmarshall@example.com,2
Timothy,Poole,larryburns@example.com,1
Kristen,Pierce,jchapman@example.net,3
Jacob,Jones,kimberlyclark@example.com,4
Cody,Duncan,jonathanlane@example.net,2
John,Johnson,harrissara@example.org,4
Sheila,Marsh,hendersonjesus@example.com,4
Gloria,Huber,andre65@example.org,3
David,Bright,reyesbenjamin@example.org,1
Taylor,Miller,gonzalezcassandra@example.com,2
Elizabeth,Coffey,paula08@example.org,3
Aaron,Villarreal,paula65@example.net,3
Paul,Fitzpatrick,vgonzalez@example.com,2
Sandra,Williams,qcurtis@example.org,1
Stephen,Chavez,sonyareed@example.net,1
Nicole,Daniel,desireehorton@example.net,2
Angel,White,danielle76@example.net,2
Shelly,Kirk,kmason@example.com,3
Kimberly,Gonzalez,david85@example.net,1
Leah,Preston,charris@example.net,4
Adam,Roberson,villanuevatyler@example.org,3
Andrew,Orr,susangreer@example.com,1
Edward,Simpson,oscar41@example.net,2
Karen,Christensen,kgray@example.com,1
Gregory,Jones,zclark@example.org,4
Dylan,Ballard,scottgarcia@example.net,2
Kimberly,Thompson,pjohnson@example.com,2
Amanda,Wu,alewis@example.org,2
Rachel,Brown,bryan48@example.com,2
Kimberly,Floyd,efernandez@example.org,3
Marvin,Castillo,wterry@example.com,1
Richard,Gonzalez,ohowell@example.org,4
Christopher,Hughes,penamichael@example.org,2
Joe,Miller,xrivera@example.net,2
Hannah,Costa,jesse09@example.com,1
Beth,Blair,daniel36@example.com,2
Brooke,Turner,hflores@example.net,4
Jennifer,Burke,haley93@example.com,3
Allison,Hart,sanchezamanda@example.net,1
Sean,Snow,melissaoconnor@example.net,1
Andrea,Villa,ngarcia@example.org,2
Melissa,Smith,katherinerobertson@example.org,1
Brian,Powers,riveraconnor@example.net,3
Angela,Parks,bakereric@example.com,2
Steven,Heath,justin89@example.org,1
Ellen,Collier,fjohnson@example.net,1
Stephanie,Charles,rodney11@example.net,4
Anne,Foley,richard87@example.net,2
Eric,Rogers,daniel52@example.net,2
Ivan,Lyons,katiejohnston@example.com,1
Alicia,Berg,fosterrebecca@example.org,2
Maria,Gomez,daltonrobinson@example.net,3
Emily,Davis,aday@example.net,1
Sarah,Perez,carlosmoore@example.com,4
Janet,Ramos,uvelasquez@example.net,2
Megan,Salazar,amanda04@example.org,2
Cameron,Graham,hubbardbryan@example.org,4
Kimberly,Caldwell,loripalmer@example.net,4
Jenna,Duncan,thomastracy@example.net,3
Alejandro,Kramer,byrdjared@example.org,4
Michael,Robinson,qsingleton@example.com,2
Shawn,Jackson,williamstamara@example.net,2
David,Vega,mccarthyrichard@example.net,2
Joseph,Bailey,ywright@example.org,4
Brad,Montgomery,matthewsjacob@example.net,4
Christina,Nelson,hperry@example.org,1
Lisa,Khan,careygregory@example.com,4
Anthony,Wagner,john05@example.net,2
Kaitlyn,Carey,gutierrezbrooke@example.com,2
Jeffrey,Barajas,wadejohn@example.org,1
Danny,Pierce,barbarajackson@example.com,2
Lance,Martinez,pamela98@example.net,3
Shelby,Ellis,alvaradorebecca@example.org,3
Peter,Moon,renee73@example.com,1
Nicole,Dorsey,matthewhardy@example.net,2
Tonya,Fields,williamscarrie@example.net,1
Kimberly,Fry,cannonapril@example.net,1
Jeffrey,Robinson,fmontes@example.com,1
Tina,White,ugarza@example.net,4
Ryan,Rodriguez,davidmurillo@example.com,4
Gary,Smith,sbarber@example.com,4
Ryan,Klein,dylanadams@example.net,3
Stephanie,Kemp,qblair@example.com,4
Cynthia,Torres,jessica98@example.com,2
Jennifer,Wood,wellsdenise@example.com,3
Gregory,Osborn,rcarter@example.net,3
Glen,Campos,smithmichael@example.com,1
Joseph,Trujillo,sschwartz@example.net,1
Jeremy,Robbins,kevin07@example.net,1
Lisa,Chavez,francisco77@example.net,3
Michael,Hunter,cynthia12@example.com,3
Bradley,Daniels,lsanders@example.net,4
